method,silhouette,calinski_harabasz,davies_bouldin,neighborhood_purity
PCA,0.04508056119084358,449.5873107910156,1.5429038494660112,0.6245066013338777
sVAE,0.10185302048921585,622.1325073242188,2.547118717768522,0.6490063971689124
cVAE,0.0842801183462143,591.3225708007812,2.604965288277782,0.6159316727916156
