method,silhouette,calinski_harabasz,davies_bouldin,neighborhood_purity
PCA,0.04508056119084358,449.5873107910156,1.5429038494660112,0.6245066013338777
sVAE,0.11676210165023804,642.3377075195312,2.2216729980126306,0.6570368858037294
cVAE,0.13306960463523865,740.3743896484375,2.0010189513517083,0.7494215325983395
