method,silhouette,calinski_harabasz,davies_bouldin,neighborhood_purity
PCA,0.04508056119084358,449.5873107910156,1.5429038494660112,0.6245066013338777
sVAE,0.0904356837272644,651.3907470703125,2.6732348569354922,0.6305634953042057
