resolution,leiden_key,sctype_key,n_clusters,silhouette,calinski_harabasz,davies_bouldin
0.4,leiden_cvae_res0_4,sctype_cvae_res0_4,6,0.1620766818523407,778.90185546875,1.846925055920675
0.6,leiden_cvae_res0_6,sctype_cvae_res0_6,6,0.16297437250614166,783.917724609375,1.8651893202830436
0.8,leiden_cvae_res0_8,sctype_cvae_res0_8,7,0.14048583805561066,700.8224487304688,2.0838154408031424
1.0,leiden_cvae_res1_0,sctype_cvae_res1_0,9,0.09688377380371094,583.5537109375,2.4360928240104176
1.2,leiden_cvae_res1_2,sctype_cvae_res1_2,9,0.0975566878914833,586.0411987304688,2.4816332444060762
