resolution,leiden_key,sctype_key,n_clusters,silhouette,calinski_harabasz,davies_bouldin
0.4,leiden_svae_res0_4,sctype_svae_res0_4,5,0.20838120579719543,1046.9644775390625,1.466633941039469
0.6,leiden_svae_res0_6,sctype_svae_res0_6,6,0.1631346046924591,899.0215454101562,1.9856884642904642
0.8,leiden_svae_res0_8,sctype_svae_res0_8,8,0.11873578280210495,713.772216796875,2.17757845529818
1.0,leiden_svae_res1_0,sctype_svae_res1_0,9,0.10827595740556717,671.225830078125,2.414762899977072
1.2,leiden_svae_res1_2,sctype_svae_res1_2,10,0.09781593084335327,623.8572387695312,2.333270327401096
