Method,Silhouette,Calinski-Harabasz,Davies-Bouldin,Neighborhood_Purity,Num_Clusters,Num_Cell_Types,sctype_Stability_Across_Resolutions
PCA,0.04508056119084358,449.5873107910156,1.5429038494660112,0.6245066013338777,14,5,0.8716210698244181
sVAE,0.10827595740556717,671.225830078125,2.414762899977072,0.6586021505376345,9,5,0.8082074316047365
cVAE,0.09688377380371094,583.5537109375,2.4360928240104176,0.6386620389274533,9,4,0.7977541853817884
